INSERT INTO USERS_TBL VALUES(100,'jasanchez',2000,'DEV');
INSERT INTO USERS_TBL VALUES(200,'dfernández',1000,'PNL');



INSERT INTO COUNTRIES_TBL VALUES(100,'flag-of-Earth.png','World');
INSERT INTO COUNTRIES_TBL VALUES(101,'flag-of-Ireland.png','Ireland');
INSERT INTO COUNTRIES_TBL VALUES(102,'flag-of-Spain.png','Spain');
INSERT INTO COUNTRIES_TBL VALUES(103,'flag-of-France.png','France');
INSERT INTO COUNTRIES_TBL VALUES(104,'flag-of-Malta.png','Malta');



INSERT INTO CITIES_TBL VALUES(1000,'Online',100);
INSERT INTO CITIES_TBL VALUES(1001,'Dublin',101);
INSERT INTO CITIES_TBL VALUES(1002,'Madrid',102);
INSERT INTO CITIES_TBL VALUES(1003,'Paris',103);
INSERT INTO CITIES_TBL VALUES(1004,'Valletta',104);


INSERT INTO SCHOOLS_TBL (school_id,school_name,city_id,school_image,school_address) VALUES(10000,'Online Courses',1000,NULL,NULL);
INSERT INTO SCHOOLS_TBL (school_id,school_name,city_id,school_image,school_address) VALUES(10001,'Eurocentres English School',1001,'eurocentres.png','4 N Great George’s St, Rotunda, Dublin, Ireland');
INSERT INTO SCHOOLS_TBL (school_id,school_name,city_id,school_image,school_address) VALUES(10002,'International English School',1002,'international.png','The Presbytery Building, 7 Exchange Street Lower, Temple Bar');
INSERT INTO SCHOOLS_TBL (school_id,school_name,city_id,school_image,school_address) VALUES(10003,'Kaplan English School',1003,'kaplan.png','The Presbytery Building, 7 Exchange Street Lower, Temple Bar');
INSERT INTO SCHOOLS_TBL (school_id,school_name,city_id,school_image,school_address) VALUES(10004,'International English School',1004,'the-english-studio.png',NULL);


INSERT INTO COURSES_TBL VALUES(100000,'Online Course',16,10000);


INSERT INTO COURSES_TBL VALUES(100001,'Delfin Curso GE 10h Mañana',113,10001);
INSERT INTO COURSES_TBL VALUES(101001,'Delfin Curso GE 20h Mañana',163,10001);
INSERT INTO COURSES_TBL VALUES(102001,'Delfin Curso GE 20h Mañana',123,10001);
INSERT INTO COURSES_TBL VALUES(103001,'Delfin Curso GE 20h Mañana',163,10001);
INSERT INTO COURSES_TBL VALUES(104001,'Delfin Curso GE 20h Mañana',143,10001);
INSERT INTO COURSES_TBL VALUES(105001,'Delfin Curso GE 20h Mañana',163,10001);

INSERT INTO COURSES_TBL VALUES(200002,'Delfin Curso GE 20h Mañana',120,10002);
INSERT INTO COURSES_TBL VALUES(201002,'Delfin Curso GE 20h Mañana',120,10002);
INSERT INTO COURSES_TBL VALUES(202002,'Delfin Curso GE 10h Mañana',110,10002);
INSERT INTO COURSES_TBL VALUES(203002,'Delfin Curso GE 20h Mañana',120,10002);
INSERT INTO COURSES_TBL VALUES(204002,'Delfin Curso GE 20h Mañana',120,10002);
INSERT INTO COURSES_TBL VALUES(205002,'Delfin Curso GE 20h Mañana',120,10002);
INSERT INTO COURSES_TBL VALUES(206002,'Delfin Curso GE 20h Mañana',120,10002);

INSERT INTO COURSES_TBL VALUES(302002,'Delfin Curso GE 10h Mañana',120,10003);
INSERT INTO COURSES_TBL VALUES(303002,'Delfin Curso GE 20h Mañana',120,10003);
INSERT INTO COURSES_TBL VALUES(304002,'Delfin Curso GE 30h Mañana',130,10003);
INSERT INTO COURSES_TBL VALUES(305002,'Delfin Curso GE 40h Mañana',120,10003);
INSERT INTO COURSES_TBL VALUES(306002,'Delfin Curso GE 50h Mañana',150,10003);

INSERT INTO COURSES_TBL VALUES(402002,'Malta2 Curso GE 10h Mañana',120,10004);
INSERT INTO COURSES_TBL VALUES(403002,'Malta2 Curso GE 20h Mañana',170,10004);
INSERT INTO COURSES_TBL VALUES(404002,'Malta2 Curso GE 30h Mañana',180,10004);
INSERT INTO COURSES_TBL VALUES(405002,'Malta2 Curso GE 40h Mañana',130,10004);
INSERT INTO COURSES_TBL VALUES(406002,'Malta2 Curso GE 50h Mañana',120,10004);
